acuraoframsey.com,280
aamco-bellevue.com,225
toyota-bauer.at,113
biothanesolutions.com,97
allthingswater.com,77
kia-ahs-roehrnbach.de,68
bakertilly.bg,59
daikin-ce.com,44
greatplacetowork.at,35
linde-amt.com,33
linde-electronics.com,32
nestle-caribbean.com,32
medef-44.fr,31
servier.at,31
actemium.at,30
airbnb.am,29
spitex-aarenord.ch,29
allianz-assistance.ie,27
honda-angouleme.com,26
wuerth.com.ph,26
mazda112.com,25
zalando.at,25
reedglobal.ae,23
mazda-bielskobiala-autogazda.pl,22
murrelektronik.at,22
spitex-appenzellerland.ch,22
bbraun.be,20
renaultcampeche.mx,20
axa-assistance.ma,19
bbraun-vetcare.nl,17
bioderma-india.in,17
flashbay.ca,17
renault-fama.be,17
vkf-renzel.bg,17
wuerth-ag.ch,17
chicco.ch,15
fmlogistic.com.br,15
nobleprog.ae,15
einhell.ba,14
adecco.cl,13
affidea.ba,13
sto-sea.com,13
ford.if.ua,12
mazdafwb.com,12
synlab.by,12
abc-autoglas.de,11
decathlon.ch,11
dulux.co.za,11
toyotabacau.ro,11
amnesty.eu,10
crocs.cl,10
funiber.ci,10
ikea.com.do,10
intersport-arc1950.com,10
jungheinrich.cn,10
mazda.com.tr,10
mercyships.ch,10
orange-bissau.com,10
pingusenglish.co.id,10
pkf-dominicana.com,10
ccusa.ca,9
europa-union-bremen.de,9
grantthornton.az,9
holidayland-bruchkoebel.de,9
intersport.ch,9
linde-gas.es,9
worldvision.bo,9
aliaxis-me.com,8
asendia.at,8
astrazeneca.ca,8
atalian.be,8
autosecuritas-barlin.fr,8
duracell-me.com,8
fleishmanhillard.cn,8
infiniti-abudhabi.com,8
invisalign.ae,8
isover.at,8
isover.bg,8
linak-latinamerica.com,8
manpowergroup.cz,8
menicon.co.uk,8
msd-animal-health.be,8
nordicpharma.be,8
pepsico.co.it,8
pingusenglish.ac.th,8
pkf.ch,8
renault-chihuahua.com,8
sephora.dk,8
statkraft.co.uk,8
toyota-annecy.fr,8
trulynolenalagoas.com.br,8
algeco.at,7
annotext.de,7
ardex-france.fr,7
baywa-re.co.kr,7
budget-egypt.com,7
cdvi.ca,7
crocs.ch,7
culliganbetterwater.com,7
de-heus.nl,7
ebay.com.hk,7
entergy-arkansas.com,7
esseskincare.co.uk,7
gjw-bb.de,7
ibc-solar.co.za,7
jll.ch,7
lidl-giftcard.eu,7
lindt.at,7
linexofchickasha.com,7
mapfre.com.gt,7
mersen.com.br,7
mitsubishi-motors.at,7
pefc.be,7
pragroup.at,7
roca.co.id,7
santillana.com.ar,7
titancontainers.at,7
vbh.be,7
aamcoarlington-pantego.com,6
axa-assistance.cz,6
bauder.ag,6
carglass.hr,6
engie-africa.com,6
equans.cl,6
foxinabox.mx,6
ikea.co.id,6
inductotherm-group-france.fr,6
intersport.cz,6
julis-bayern.de,6
kumon.cl,6
mazda.fi,6
metlife.cl,6
misterwhat-au.com,6
savethechildren.ca,6
shopee.co.id,6
yves-rocher.at,6
adecco.co.th,5
allianz-peev.de,5
amway.at,5
compo-group.com,5
crif.ch,5
engie.de,5
howdenagents.gr,5
job-impulse.es,5
kia.com.cy,5
linde-healthcare.nl,5
mateco-hungary.hu,5
mitsubishielectric-printing.com,5
modshair-bielefeld.de,5
monster.at,5
renault-tortosa.es,5
rsm.bh,5
toyota-marseille.com,5
toyota.com.mk,5
vans.at,5
wuerth.bg,5
wwf.es,5
adra.org.pt,4
aiesec.gr,4
allianz-genc.de,4
bakertilly.com.ve,4
bimeda.ie,4
bosch-climate.com.tr,4
bosch-industry-consulting.com,4
bosch-pt.co.in,4
brother.com.ar,4
buydaikin.ro,4
carlsjr-russia.ru,4
carlsjr.com.my,4
cdvielectronics.com,4
daikincareers.com,4
enterprise.dk,4
experian.com.hk,4
ford.cl,4
globalconnect.de,4
hansa-flex.at,4
hertz.am,4
kelloggs.fr,4
kiajc.com,4
meggle-bakery.com,4
narscosmetics.co.uk,4
nexi.gr,4
nikon-mea.com,4
nutriciababy.be,4
papajohns.co.nl,4
pearsonclinical.ca,4
pkf-central-america.com,4
plameco-huizen.nl,4
renaultchiapas.com.mx,4
renaultecatepec.com.mx,4
savethechildren.mx,4
savethechildren.nl,4
savethechildren.or.id,4
savethechildren.org.ph,4
savethechildren.org.za,4
shimadzu-la.com,4
siebtechnik-tema.cn,4
skoda-clermontferrand.fr,4
solatube.com.cn,4
sprachschule-aktiv-basel.ch,4
subaru.eu,4
synergie.com,4
tapflo.at,4
thebodyshop.ee,4
toyota-evreux.fr,4
toysrus.com.my,4
whirlpool-bangladesh.com,4
wurthsaudi.com,4
wwf.or.th,4
wwf.ro,4
wwfchina.org,4
wwfcz.org,4
ymca-ywca.org,4
advocaremorristownpediatrics.com,3
aonhewitt.com.cy,3
avia.hu,3
bakertilly.ke,3
bakertilly.lk,3
benu.ee,3
besins-healthcare.com.mx,3
bonprix-fl.be,3
bonprix.ch,3
carglass.cz,3
carglass.ee,3
carglass.gr,3
carglass.hu,3
carglass.lt,3
chicco.co.nz,3
chicco.com.tw,3
crocs.co.id,3
crocs.com.ec,3
daikin.com.vn,3
daikineastafrica.com,3
daikintexastechnologypark.com,3
decathlon.com.kh,3
demeter-bw.de,3
duraclean.net,3
engie.pt,3
ford.pl.ua,3
gs1.at,3
gulf.lu,3
inductotherm.ca,3
intersport.com.cy,3
lightspeedhq.fr,3
manpowergroup.com.sg,3
manpowergroup.gr,3
manpowergroup.no,3
manpowergroup.pt,3
mazda.com.sg,3
mazdalanka.lk,3
moog.co.uk,3
nutricia.be,3
ovb.at,3
overheaddoorcompanyjackson.com,3
pilotpen.eu,3
pkf-l.com,3
plastoplan.com,3
renault-materom.ro,3
renaulttersa.com.mx,3
repsol.fr,3
saint-gobain.al,3
santanderconsumer.fi,3
savethechildren.org.au,3
schaumann.cz,3
sitech-ws.com,3
starkey.co.uk,3
subway-franchise.fr,3
tapflo.co.za,3
toyota.com.kh,3
toyota.com.mt,3
tupperware.at,3
vwswestgarth.com,3
worldvision.al,3
wurth.co.ke,3
wwf.org,3
wwf.org.nz,3
zkteco.com.bd,3
acurasouthpoint.com,2
adra.ca,2
adra.fr,2
adra.nl,2
adra.org.au,2
adra.org.pe,2
adra.org.rs,2
adra.pl,2
alten-consulting.de,2
amnesty.is,2
amnesty.lu,2
amnesty.org.ph,2
amway.ca,2
analytik-jena.fr,2
anderson-negele-gmbh.ru,2
aon.lt,2
avia-ramonville.fr,2
avia-unimot.com.ua,2
avia.ch,2
aviabienert.de,2
avis.com.do,2
avon.co.mu,2
babble.com,2
bakertilly.ba,2
bakertilly.com.jm,2
bakertilly.com.pa,2
bakertilly.ec,2
bakertillysek.se,2
bcurelaser.co.il,2
berlitzhautsdefrance.fr,2
budget-ireland.co.uk,2
budget.bg,2
budget.com.do,2
budget.rs,2
budgetqatar.com,2
carglass.dk,2
carlsjr.co.nz,2
carlsjr.com.sg,2
carlsjr.fr,2
cfmoto.com.tr,2
chicco.com.ph,2
chicco.com.tr,2
cinnabon.com.tr,2
countryroadsford.net,2
daikin-korea.co.kr,2
daikin.com.mx,2
daikin.com.sg,2
daikin.ge,2
daikinchemicals.co.th,2
decathlon.com.br,2
ebay.cn,2
ebay.co.kr,2
ebayglobalshipping.com,2
ecslupsk.pl,2
edenred.com.ar,2
engie-energia.pe,2
engie.cl,2
engie.co.uk,2
eurofins.at,2
eurofinsfoodtesting.com,2
europcar.me,2
fordmediacenter.nl,2
freseniuskidneycare.asia,2
furuno.fr,2
greatplacetowork.is,2
gulf.no,2
hertz-autopozicovna.sk,2
hertz.com.cy,2
hondamurcia.com,2
howden.co.il,2
howdenoze.pl,2
hyundaiblacktown.com.au,2
intersport-alpedhuez.com,2
intersport.be,2
intersport.dk,2
isic.fr,2
isover.com.ar,2
isuzu-vietnam.com,2
isuzubarcs.hu,2
julis-mfr.de,2
kia-mouscron.be,2
laborelec.com,2
lamborghini-cannes.com,2
lamborghini-paris.com,2
lindt.ch,2
linexaus.com.au,2
linexcoloradosprings.com,2
linexofmacon.com,2
linexps.com,2
lueck-gruppe.de,2
manpowergroup.ca,2
mazda-autohaus-fenzl-hauzenberg.de,2
mazda-bcrmotors.ru,2
mazda.com.ec,2
mazda.com.kh,2
mazda.com.tw,2
mazda.gr,2
mazda.ph,2
mazdabali.co.id,2
mazdademagog.com,2
mazdanorkar.com,2
mazdaofchicagoland.com,2
mazdaofcolumbia.com,2
mazdaofescondido.com,2
mazdaoflodi.com,2
mazdaofmidland.com,2
mazdaofportcharlotte.com,2
meggle.de,2
mercyships.be,2
mercyships.org.au,2
mitsubishielectric.cz,2
msd-animal-health.pl,2
mtn.com.gh,2
nikonclub.fr,2
nissanattheavenues.com,2
nutricia.co.uk,2
nutricia.de,2
orange.co.bw,2
pearsonclinical.es,2
pepsico.fr,2
pingusenglish.ps,2
pkffinconta.ro,2
plameco-baer.de,2
plameco-rheinsieg.de,2
remax-emblema.com.ar,2
remax-lueneburg.de,2
renault-argenteuil.fr,2
renault-beaulieu.fr,2
renault.pe,2
renaultbank.es,2
renaultsprings.co.za,2
renaultzaragoza.com,2
rotary-club-paris-se.org,2
rubiomonocoat.com.pl,2
santillana.com.bo,2
savethechildren.it,2
shimadzu-rika.co.jp,2
soneparthailand.com,2
spie.be,2
stampinup.ca,2
starbucks.com.gr,2
starkeypro.com,2
sto-ukraine.com,2
stocanada.com,2
subaru.com.tr,2
subaru.es,2
subaru.jp,2
subaru.nc,2
subarumidlandodessa.com,2
subarutijuana.mx,2
subaruvilnius.lt,2
svndesertcommercial.com,2
svnprovidence.com,2
synlab.hr,2
takeda.com.ru,2
tbwa.co.nz,2
thebodyshop.bg,2
toolstationjobs.be,2
toyota-bornholm.dk,2
toyota-indus.com,2
toyotabeerens.be,2
toyotadolak.cz,2
toyotahonduras.com,2
toysrus.com.bn,2
toysrus.com.ph,2
toysrus.pt,2
tupperware.com.ar,2
vans.co.nz,2
veka.bg,2
veka.com.sg,2
vivaconagua.at,2
wordans.de,2
worldvision.org.nz,2
wurth.co,2
wurth.com.do,2
wurth.kz,2
wurthindustry.ca,2
ymcachicago.org,2
yves-rocher.it,2
